Alexandre Gomes;esouza@bol.com.br
João Miguel Teixeira;fcardoso@da.com
Davi Ferreira;saleslavinia@campos.com
Marina Nascimento;barrosana-carolina@uol.com.br
Emanuella da Costa;cavalcanticaue@bol.com.br
Paulo Araújo;sabrina72@cardoso.com
Maria Cecília Ramos;mendesluiz-otavio@ig.com.br
Milena da Mota;hnovaes@martins.br
Raul Ferreira;salesmariane@yahoo.com.br
Levi da Mata;pereiragabriela@barbosa.org
Enzo Gabriel Lopes;joao-pedrodas-neves@uol.com.br
Caroline Silveira;jsantos@ig.com.br
Bárbara da Cruz;uda-rosa@barbosa.br
Valentina Campos;luigipeixoto@moraes.br
Mariana Caldeira;ogoncalves@uol.com.br
Luiz Henrique Rezende;duartebianca@gmail.com
Davi Lucca Rodrigues;barbaramoura@hotmail.com
Paulo da Costa;ana-vitoriada-costa@hotmail.com
Maitê Silva;fnovaes@silva.br
Stella da Rocha;olivia95@da.br
Samuel Aragão;qnunes@ramos.br
João Miguel da Rosa;wcostela@gmail.com
Manuela Porto;alana93@das.br
Luiz Felipe da Costa;portoalexia@lopes.br
Isabella da Cunha;cavalcantijoao@da.org
Maria Fernanda Rocha;drezende@campos.br
Evelyn Melo;freitasjulia@moraes.br
Pedro Teixeira;laviniaribeiro@yahoo.com.br
Brenda Monteiro;pcampos@hotmail.com
Rodrigo Ribeiro;cardosojoao-lucas@hotmail.com
Ana Júlia Correia;yda-mata@ig.com.br
Isabelly Cardoso;castrostella@hotmail.com
Ana Clara Costela;joaquimgomes@hotmail.com
Bianca Azevedo;martinsanthony@cunha.br
Gabriela Nunes;danilosales@ig.com.br
Emanuelly Nogueira;ada-cruz@gmail.com
Thales Souza;saragao@uol.com.br
Diogo Nascimento;emilly28@ig.com.br
Lavínia Santos;joaopinto@bol.com.br
Maria Fernanda Gonçalves;nascimentomaria-alice@gmail.com
Stella Fogaça;noahsantos@ig.com.br
Matheus Rodrigues;lorenzo76@correia.br
Levi Martins;jpereira@ig.com.br
Isadora Carvalho;alveskaique@barros.net
Benjamin Gomes;alvessarah@ig.com.br
Bruna Lopes;alana27@goncalves.br
Juan Silva;correiaisadora@barros.com
Heloísa da Mata;ana-sophia55@yahoo.com.br
Pedro Lucas Rezende;emilly80@sales.com
Milena Rezende;barrosluiz-felipe@caldeira.br
Ana Lívia Costa;ferreiraclara@martins.br
Milena Souza;rafaelamartins@ig.com.br
Lucas Monteiro;maria-julia36@uol.com.br
Nathan Porto;brendafreitas@souza.com
Augusto Peixoto;miguellima@martins.br
João Guilherme Costela;falmeida@hotmail.com
Breno Lopes;ana-beatrizalves@hotmail.com
Emanuelly Nogueira;fernandesmaysa@da.org
Gustavo Nunes;felipeda-costa@cunha.org
Davi Lucas das Neves;bdias@da.com
Luiz Fernando Carvalho;arthur32@da.com
Ana Clara Pinto;costelaluiz-henrique@vieira.com
Raquel Porto;luiz-felipeda-costa@araujo.br
Arthur Azevedo;souzagabrielly@gmail.com
Juliana Viana;das-nevesisadora@mendes.br
Luana Melo;fnascimento@azevedo.br
Alice Gomes;svieira@uol.com.br
Evelyn Araújo;qda-mata@fernandes.br
Enrico Freitas;clara07@correia.com
Pedro Lucas Melo;natalia70@hotmail.com
Brenda Rocha;ianpires@azevedo.com
Eloah Lopes;raulda-mota@gmail.com
Danilo Cavalcanti;eda-mata@araujo.org
Ana Sophia Freitas;mariana20@santos.br
Levi Mendes;mirella80@hotmail.com
Antônio das Neves;ana-juliacavalcanti@hotmail.com
Diogo Moura;larissafreitas@pinto.br
Levi Duarte;caldeiraaugusto@ig.com.br
Lucas Fernandes;diego25@sales.br
Maria da Costa;raquelfogaca@uol.com.br
Bruna Dias;ana-julia60@bol.com.br
João Gabriel Barbosa;ana52@ig.com.br
João Guilherme Castro;da-rochanina@azevedo.org
Julia Martins;mferreira@gmail.com
Cauê Porto;limanina@silveira.net
André das Neves;lopesisadora@hotmail.com
Ana Fernandes;alexiadas-neves@almeida.org
Davi Aragão;rafaela10@rocha.net
Marcos Vinicius Cardoso;matheusbarros@hotmail.com
Danilo Cardoso;valentinada-rocha@da.com
Luiza Pinto;enzo-gabrielcardoso@bol.com.br
Juliana das Neves;pauloda-conceicao@gmail.com
Esther Silva;caio68@mendes.br
Brenda Martins;da-rosaluiz-felipe@bol.com.br
Isis Moura;pferreira@uol.com.br
Clarice Martins;luiz-fernando36@rocha.br
Thomas da Mata;aliciapinto@bol.com.br
Maria Cecília Correia;julia96@da.br
Júlia Porto;almeidaemanuel@farias.com
Daniel Pinto;maria-juliada-cunha@hotmail.com
João Vitor Rodrigues;piresmaria-julia@gmail.com
Thiago Teixeira;rochastella@azevedo.com
Cauê Nogueira;da-conceicaogustavo-henrique@hotmail.com
Anthony Campos;qnovaes@nunes.org
Ana Carolina da Costa;pintocaue@teixeira.br
Enrico Caldeira;maria-ceciliacampos@lima.com
Maria Alice Moreira;goncalvessofia@cunha.br
Matheus Rocha;claricemartins@gmail.com
Henrique da Cunha;gabrielly67@nunes.br
Caroline Moura;laviniacavalcanti@yahoo.com.br
Anthony Fogaça;portopaulo@cavalcanti.org
Theo Duarte;enrico68@da.br
Nicole Melo;souzaolivia@hotmail.com
Vitor Gabriel Barros;isabelly70@gomes.br
João Miguel Souza;gabrielmonteiro@barbosa.com
Maria Julia Teixeira;joao-felipearagao@yahoo.com.br
Bruna Gonçalves;augusto18@costa.org
Emanuella da Luz;bazevedo@uol.com.br
Pietra Gomes;isaac31@hotmail.com
Lívia das Neves;santoslaura@uol.com.br
Benjamin Ribeiro;santosana@pires.br
Emanuelly Nunes;almeidayuri@silva.com
Esther Martins;araujodiego@yahoo.com.br
Igor Barros;diogocarvalho@moraes.com
Maria Vitória Moreira;pedro-miguel16@hotmail.com
Ana Beatriz Azevedo;matheus53@carvalho.com
Miguel Gonçalves;hfarias@araujo.com
Thiago Cavalcanti;ana-luizada-rocha@ig.com.br
Augusto Costela;gabriel91@novaes.br
Rafael Moraes;ada-conceicao@bol.com.br
Nina Farias;otaviomoraes@carvalho.br
Eduardo Peixoto;pedro-henriqueda-cunha@bol.com.br
Luna Melo;souzaluiz-otavio@ig.com.br
Yuri da Rocha;lara36@gmail.com
Lucca Azevedo;emanuella30@bol.com.br
Luiz Felipe da Mota;pnascimento@yahoo.com.br
Maria Cecília Pires;lorenzoda-paz@gmail.com
Luiz Otávio da Costa;gomeslucca@barros.com
Benjamin Ribeiro;gustavo-henriqueduarte@gmail.com
Heitor Rodrigues;luiz-felipe89@novaes.br
Nathan Lopes;larissadias@uol.com.br
Pedro Miguel Porto;juliacampos@aragao.net
Fernando da Rocha;da-motajuan@silva.org
Gabrielly Souza;kda-cunha@hotmail.com
Gabriel Costa;emanuel30@yahoo.com.br
Bianca Rodrigues;caldeirabreno@gmail.com
Joana Mendes;breno58@yahoo.com.br
Giovanna Novaes;marinaporto@gmail.com
Bernardo Campos;nogueirabrenda@alves.net
Gustavo Henrique Cavalcanti;isouza@gmail.com
Evelyn Farias;thalesda-mata@uol.com.br
Miguel Oliveira;gabriellyribeiro@gmail.com
João Miguel Correia;nmoreira@gmail.com
Nicolas Araújo;ocaldeira@pires.com
Luana Cardoso;yuri79@aragao.br
Fernando Cavalcanti;larissaoliveira@carvalho.com
Sophia Nascimento;oliveiraana-sophia@bol.com.br
Ana Lívia Mendes;pereiraana-luiza@bol.com.br
Vitória da Paz;augustoda-cunha@uol.com.br
Murilo Lima;fariaspedro-miguel@yahoo.com.br
Carlos Eduardo Nascimento;isispeixoto@ig.com.br
Marina da Costa;rodriguesraquel@silva.com
Davi Lucas Porto;nunesraquel@costa.net
João Gonçalves;rfernandes@uol.com.br
Sabrina Nogueira;fogacarebeca@alves.br
Ana Laura Fogaça;elisa86@gmail.com
Luana Pinto;correiajulia@da.com
Luiz Henrique Moreira;maria-cecilia22@uol.com.br
Sarah Monteiro;antonio33@gmail.com
Lucas Gabriel Martins;sophie25@uol.com.br
Luiz Miguel Ramos;cunhastella@hotmail.com
André Barros;murilo97@gmail.com
Helena Novaes;qpinto@rocha.br
Stephany Barbosa;nsantos@peixoto.br
Lucas Gabriel da Cunha;stephany88@da.br
Gabriela Silva;laramartins@hotmail.com
Ana Luiza Moura;da-motaluana@novaes.br
Bianca Santos;matheusribeiro@bol.com.br
Pietro Souza;camila80@pereira.net
Nicole Moraes;cdias@melo.com
Luiza Rocha;yagovieira@bol.com.br
Nicole Oliveira;stellaaragao@yahoo.com.br
Daniel Nascimento;nrezende@nunes.net
Benício Ramos;caldeiraian@bol.com.br
Caroline da Cunha;nunesvitor-gabriel@hotmail.com
Bernardo da Paz;aragaocaua@gmail.com
Gabriela Fernandes;lucas40@monteiro.net
Isadora da Mota;ana-vitoriaferreira@pinto.br
Sarah da Conceição;da-rosalavinia@oliveira.com
Letícia Souza;isabelly63@almeida.com
Heitor Farias;sda-mota@nascimento.br
Eduardo Melo;alvesjuan@moraes.br
Eloah Martins;yuricavalcanti@peixoto.com
Fernanda Martins;ramosana-livia@bol.com.br
Emanuelly da Rocha;rafaelacaldeira@barbosa.com
João Vitor Correia;isabellacardoso@uol.com.br
Evelyn Rocha;da-rosamaysa@gmail.com
Ana Carolina Vieira;gjesus@mendes.br
Juan Santos;portomarina@uol.com.br
Lavínia Duarte;pietrolima@gmail.com